{
  "model_architecture": "ResNet50V2_Transfer_Learning",
  "framework": "TensorFlow",
  "num_classes": 12,
  "class_mapping": {
    "Abnormal_Hemorrhoids": 0,
    "Abnormal_Polyps": 1,
    "Abnormal_UC_Grade_0_1": 2,
    "Abnormal_UC_Grade_1": 3,
    "Abnormal_UC_Grade_2": 4,
    "Abnormal_UC_Grade_3": 5,
    "Normal_Pylorus": 6,
    "Normal_Retroflex_Stomach": 7,
    "Normal_Z_Line": 8,
    "Abnormal_Barretts": 9,
    "Abnormal_Esophagitis_A": 10,
    "Abnormal_Esophagitis_BD": 11
  },
  "input_size": [
    256,
    256,
    3
  ],
  "training_date": "2025-07-13T12:52:27.348132",
  "test_accuracy": 0.832018927444795,
  "classification_report": {
    "Abnormal_Hemorrhoids": {
      "precision": 0.0,
      "recall": 0.0,
      "f1-score": 0.0,
      "support": 1.0
    },
    "Abnormal_Polyps": {
      "precision": 0.9351851851851852,
      "recall": 0.9950738916256158,
      "f1-score": 0.964200477326969,
      "support": 406.0
    },
    "Abnormal_UC_Grade_0_1": {
      "precision": 0.0,
      "recall": 0.0,
      "f1-score": 0.0,
      "support": 7.0
    },
    "Abnormal_UC_Grade_1": {
      "precision": 0.39285714285714285,
      "recall": 0.2619047619047619,
      "f1-score": 0.3142857142857143,
      "support": 42.0
    },
    "Abnormal_UC_Grade_2": {
      "precision": 0.6634615384615384,
      "recall": 0.7340425531914894,
      "f1-score": 0.6969696969696969,
      "support": 94.0
    },
    "Abnormal_UC_Grade_3": {
      "precision": 0.9,
      "recall": 0.3333333333333333,
      "f1-score": 0.48648648648648646,
      "support": 27.0
    },
    "Normal_Pylorus": {
      "precision": 0.9554455445544554,
      "recall": 0.965,
      "f1-score": 0.9601990049751244,
      "support": 200.0
    },
    "Normal_Retroflex_Stomach": {
      "precision": 0.9866666666666667,
      "recall": 0.9673202614379085,
      "f1-score": 0.9768976897689768,
      "support": 153.0
    },
    "Normal_Z_Line": {
      "precision": 0.6956521739130435,
      "recall": 0.946236559139785,
      "f1-score": 0.8018223234624146,
      "support": 186.0
    },
    "Abnormal_Barretts": {
      "precision": 0.0,
      "recall": 0.0,
      "f1-score": 0.0,
      "support": 19.0
    },
    "Abnormal_Esophagitis_A": {
      "precision": 0.45,
      "recall": 0.1111111111111111,
      "f1-score": 0.1782178217821782,
      "support": 81.0
    },
    "Abnormal_Esophagitis_BD": {
      "precision": 0.5454545454545454,
      "recall": 0.6923076923076923,
      "f1-score": 0.6101694915254238,
      "support": 52.0
    },
    "accuracy": 0.832018927444795,
    "macro avg": {
      "precision": 0.5437268997577149,
      "recall": 0.5005275136709747,
      "f1-score": 0.4991040588819154,
      "support": 1268.0
    },
    "weighted avg": {
      "precision": 0.8037102676836936,
      "recall": 0.832018927444795,
      "f1-score": 0.8045143826990551,
      "support": 1268.0
    }
  },
  "final_train_accuracy": 0.8300595879554749,
  "final_val_accuracy": 0.8385826945304871,
  "final_train_loss": 0.4566328525543213,
  "final_val_loss": 0.4589928686618805
}