{
  "model_architecture": "ResNet50V2_Transfer_Learning",
  "framework": "TensorFlow",
  "num_classes": 12,
  "class_mapping": {
    "Abnormal_Hemorrhoids": 0,
    "Abnormal_Polyps": 1,
    "Abnormal_UC_Grade_0_1": 2,
    "Abnormal_UC_Grade_1": 3,
    "Abnormal_UC_Grade_2": 4,
    "Abnormal_UC_Grade_3": 5,
    "Normal_Pylorus": 6,
    "Normal_Retroflex_Stomach": 7,
    "Normal_Z_Line": 8,
    "Abnormal_Barretts": 9,
    "Abnormal_Esophagitis_A": 10,
    "Abnormal_Esophagitis_BD": 11
  },
  "input_size": [
    256,
    256,
    3
  ],
  "training_date": "2025-07-15T18:22:07.237297",
  "test_accuracy": 0.831230283911672,
  "classification_report": {
    "Abnormal_Hemorrhoids": {
      "precision": 0.0,
      "recall": 0.0,
      "f1-score": 0.0,
      "support": 1.0
    },
    "Abnormal_Polyps": {
      "precision": 0.9435294117647058,
      "recall": 0.9876847290640394,
      "f1-score": 0.9651022864019253,
      "support": 406.0
    },
    "Abnormal_UC_Grade_0_1": {
      "precision": 0.5,
      "recall": 0.14285714285714285,
      "f1-score": 0.22222222222222224,
      "support": 7.0
    },
    "Abnormal_UC_Grade_1": {
      "precision": 0.6666666666666666,
      "recall": 0.19047619047619047,
      "f1-score": 0.2962962962962963,
      "support": 42.0
    },
    "Abnormal_UC_Grade_2": {
      "precision": 0.6111111111111112,
      "recall": 0.8191489361702128,
      "f1-score": 0.7000000000000001,
      "support": 94.0
    },
    "Abnormal_UC_Grade_3": {
      "precision": 0.75,
      "recall": 0.2222222222222222,
      "f1-score": 0.34285714285714286,
      "support": 27.0
    },
    "Normal_Pylorus": {
      "precision": 0.9651741293532339,
      "recall": 0.97,
      "f1-score": 0.9675810473815462,
      "support": 200.0
    },
    "Normal_Retroflex_Stomach": {
      "precision": 0.9741935483870968,
      "recall": 0.9869281045751634,
      "f1-score": 0.9805194805194806,
      "support": 153.0
    },
    "Normal_Z_Line": {
      "precision": 0.703862660944206,
      "recall": 0.8817204301075269,
      "f1-score": 0.782816229116945,
      "support": 186.0
    },
    "Abnormal_Barretts": {
      "precision": 0.0,
      "recall": 0.0,
      "f1-score": 0.0,
      "support": 19.0
    },
    "Abnormal_Esophagitis_A": {
      "precision": 0.40540540540540543,
      "recall": 0.37037037037037035,
      "f1-score": 0.38709677419354843,
      "support": 81.0
    },
    "Abnormal_Esophagitis_BD": {
      "precision": 0.7586206896551724,
      "recall": 0.4230769230769231,
      "f1-score": 0.5432098765432098,
      "support": 52.0
    },
    "accuracy": 0.831230283911672,
    "macro avg": {
      "precision": 0.6065469686072998,
      "recall": 0.4995404207433159,
      "f1-score": 0.5156417796276931,
      "support": 1268.0
    },
    "weighted avg": {
      "precision": 0.8182637169008806,
      "recall": 0.831230283911672,
      "f1-score": 0.8120109874115067,
      "support": 1268.0
    }
  },
  "final_train_accuracy": 0.8357978463172913,
  "final_val_accuracy": 0.8090550899505615,
  "final_train_loss": 0.4431283473968506,
  "final_val_loss": 0.49311500787734985
}